,model_name,accuracy,precision,recall,f1_score,roc_auc
svm,Svm,0.20720188902007083,0.08754432871735239,0.20720188902007083,0.11115895626448515,0.51155888922338
naive_bayes,Naive Bayes,0.2024793388429752,0.20252803557611576,0.2024793388429752,0.20119802768846023,0.4973183278367944
logistic_regression,Logistic Regression,0.2012987012987013,0.2015125215128395,0.2012987012987013,0.2013358287297685,0.4985338031195565
random_forest,Random Forest,0.19952774498229045,0.19947730842515465,0.19952774498229045,0.1992739244805407,0.49463343085348777
