,cv_mean,cv_std,train_accuracy
logistic_regression,0.19601476014760147,0.007663914382728955,0.5579335793357934
svm,0.19409594095940957,0.015367575007905967,0.7692988929889298
naive_bayes,0.192619926199262,0.011556356682546646,0.45505535055350554
random_forest,0.19217712177121773,0.007790785665178833,0.9555719557195572
