,cv_mean,cv_std,train_accuracy
svm,0.2554981549815498,0.0128963490236474,0.7974907749077491
naive_bayes,0.2487084870848708,0.006262200276190831,0.4966789667896679
logistic_regression,0.24797047970479708,0.008517513237640448,0.5896678966789668
random_forest,0.24767527675276754,0.007520436429731063,0.9571955719557196
