,model_name,accuracy,precision,recall,f1_score,roc_auc
random_forest,Random Forest,0.2579693034238489,0.25769975404042333,0.2579693034238489,0.2573675783213155,0.5047195231467422
svm,Svm,0.2579693034238489,0.06685831650866617,0.2579693034238489,0.1061941305447799,0.4944359431978543
logistic_regression,Logistic Regression,0.256198347107438,0.2561006919716604,0.256198347107438,0.25599046520807045,0.5079026785181363
naive_bayes,Naive Bayes,0.25560802833530105,0.25425422927979086,0.25560802833530105,0.25364574331522055,0.5043118265353547
